{"weights": [0.7090335261069857, 0.024221362497749557, -0.0014000985091322333, -0.0553412807202901, 0.07181556219914817, 0.008121466786008974, 0.000836453404162203], "bias": 0.12238970318506912, "x_min": [503.0, 1.0, 1.0, 1.0, 0.5060582193045366, 0.0, 1.0], "x_max": [4999.0, 5.0, 3.0, 73.0, 4.989302700131234, 2.0, 10.0], "y_min": 111626.85342361582, "y_max": 1108236.8362913695}